subcategory,category,count
Architecture,Model Development,1498
ML/AI fundamentals,Tutorials,900
Vision models,Models,713
Give agent tools,AI Engineering,685
Tool-specific tutorials,Tutorials,540
Content creation,Applications,530
Coding,Applications,518
Paper collections,Lists,511
Domain-specific training,Model Development,454
Personal,Applications,449
Classical ML,Model Development,423
Give agent knowledge,AI Engineering,420
Dataset engineering,Model Development,397
Specialists,Applications,396
Deep Learning Frameworks,Model Development,392
Build agent workflow (SDK),AI Engineering,374
Productivity,Applications,334
Tool collections,Lists,326
Fine-tuning,Model Development,280
Environments,Model Development,276
Reinforcement Learning,Model Development,263
Prompt & Scaffold,AI Engineering,252
Inference service optimization,Infrastructure,251
Test & guard,AI Engineering,244
Research & knowledge,Applications,243
Foundation models,Models,220
Training toolkits,Model Development,215
Domain-specific models,Models,211
Make agent see hear talk,AI Engineering,205
Deploy & Serve,Infrastructure,205
Wrappers,Applications,168
Audio/Speech models,Models,165
Access models,AI Engineering,165
Model optimization,Infrastructure,159
AIE roadmap,Tutorials,158
Gateway,Infrastructure,150
Build agent workflow (visual),AI Engineering,142
Orchestration,Infrastructure,138
Getting started,Tutorials,135
Bring agent to users,AI Engineering,130
Other,Applications,128
Object detection,Applications,127
Interpretability,Model Development,119
Build agent UI,AI Engineering,115
Domain-specific,Lists,111
Observability,Infrastructure,105
Prompt collections,Lists,99
Language-specific models,Models,90
LLM training,Model Development,83
Kernels,Infrastructure,82
Data systems,Infrastructure,82
Use cases,Lists,81
MLE roadmap,Tutorials,69
Make world agent-ready,Infrastructure,57
Interview guide,Tutorials,53
Physical AI,Model Development,49
Data organization,Applications,48
Model collections,Lists,48
LLM fundamentals,Tutorials,44
Protocols,AI Engineering,43
Dataset collections,Lists,43
Model Hub,Infrastructure,40
Index & Search,Infrastructure,36
Math/CS fundamentals,Tutorials,25
Toolings,Infrastructure,17
Embedding Models,Models,12
On-device models,Models,10
Embedding models,Models,9
Vision models,Model Development,9
Toolings,Model Development,8
Domain-specific,Applications,7
Object detection,Model Development,7
Other,Lists,5
Audio detection,Applications,5
Model optimization,Model Development,5
Coding,AI Engineering,3
Make world agent-ready,AI Engineering,3
Other,AI Engineering,3
Coding with AI,Tutorials,2
Architecture,Models,2
Coding,Misc,2
Gateway,AI Engineering,2
Orchestration,AI Engineering,2
Audio/Speech models,Model Development,2
Test & guard,Model Development,2
Object detection,Models,2
Other,Misc,1
Domain-specific,Tutorials,1
Access models,Model Development,1
ML/AI fundamentals,Lists,1
Prompt collections,AI Engineering,1
Getting started,Lists,1
Prompt collections,Tutorials,1
Deep Learning Frameworks,Tutorials,1
Dataset collections,Model Development,1
Other,Infrastructure,1
Wrappers,AI Engineering,1
Tool-specific tutorials,Lists,1
Protocols,Infrastructure,1
Give agent tools,Applications,1
Other,Model Development,1
Give agent knowledge,Infrastructure,1
Protocols,Model Development,1
Other,Tutorials,1
Use cases,Tutorials,1
